Wavelength,Gray_Value
181.18,58.58479487179488
181.4162,58.58479487179488
181.6524,58.58479487179488
181.8886,58.58479487179488
182.1248,58.58479487179488
182.36100000000002,58.58479487179488
182.59720000000002,58.58479487179488
182.8334,58.58479487179488
183.0696,58.58479487179488
183.3058,58.58479487179488
183.542,58.58479487179488
183.7782,58.58479487179488
184.0144,58.58479487179488
184.25060000000002,58.33064102564103
184.48680000000002,58.33064102564103
184.723,58.33064102564103
184.9592,58.33064102564103
185.1954,58.33064102564103
185.4316,58.33064102564103
185.6678,58.33064102564103
185.904,58.33064102564103
186.1402,58.33064102564103
186.37640000000002,58.33064102564103
186.61260000000001,58.33064102564103
186.8488,58.33064102564103
187.085,58.33064102564103
187.3212,57.80982051282051
187.5574,57.80982051282051
187.7936,57.80982051282051
188.0298,57.80982051282051
188.26600000000002,57.80982051282051
188.50220000000002,57.80982051282051
188.7384,57.80982051282051
188.9746,57.80982051282051
189.2108,57.80982051282051
189.447,57.80982051282051
189.6832,57.80982051282051
189.9194,57.80982051282051
190.1556,57.80982051282051
190.39180000000002,57.013000000000005
190.62800000000001,57.013000000000005
190.8642,57.013000000000005
191.1004,57.013000000000005
191.3366,57.013000000000005
191.5728,57.013000000000005
191.809,57.013000000000005
192.0452,57.013000000000005
192.28140000000002,57.013000000000005
192.51760000000002,57.013000000000005
192.7538,57.013000000000005
192.99,57.013000000000005
193.2262,57.013000000000005
193.4624,56.86566666666666
193.6986,56.86566666666666
193.9348,56.86566666666666
194.171,56.86566666666666
194.40720000000002,56.86566666666666
194.6434,56.86566666666666
194.8796,56.86566666666666
195.1158,56.86566666666666
195.352,56.86566666666666
195.5882,56.86566666666666
195.8244,56.86566666666666
196.0606,56.86566666666666
196.29680000000002,56.86566666666666
196.53300000000002,56.484153846153845
196.7692,56.484153846153845
197.0054,56.484153846153845
197.2416,56.484153846153845
197.4778,56.484153846153845
197.714,56.484153846153845
197.9502,56.484153846153845
198.1864,56.484153846153845
198.42260000000002,56.484153846153845
198.6588,56.484153846153845
198.895,56.484153846153845
199.1312,56.484153846153845
199.3674,56.484153846153845
199.6036,56.35248717948717
199.8398,56.35248717948717
200.07600000000002,56.35248717948717
200.31220000000002,56.35248717948717
200.54840000000002,56.35248717948717
200.7846,56.35248717948717
201.0208,56.35248717948717
201.257,56.35248717948717
201.4932,56.35248717948717
201.7294,56.35248717948717
201.9656,56.35248717948717
202.2018,56.35248717948717
202.43800000000002,56.35248717948717
202.6742,56.09433333333333
202.9104,56.09433333333333
203.1466,56.09433333333333
203.3828,56.09433333333333
203.619,56.09433333333333
203.8552,56.09433333333333
204.09140000000002,56.09433333333333
204.32760000000002,56.09433333333333
204.56380000000001,56.09433333333333
204.8,56.09433333333333
205.0362,56.09433333333333
205.2724,56.09433333333333
205.5086,56.09433333333333
205.7448,55.95687179487179
205.981,55.95687179487179
206.2172,55.95687179487179
206.45340000000002,55.95687179487179
206.6896,55.95687179487179
206.9258,55.95687179487179
207.162,55.95687179487179
207.3982,55.95687179487179
207.6344,55.95687179487179
207.8706,55.95687179487179
208.10680000000002,55.95687179487179
208.34300000000002,55.95687179487179
208.57920000000001,55.95687179487179
208.8154,55.10205128205129
209.0516,55.10205128205129
209.2878,55.10205128205129
209.524,55.10205128205129
209.7602,55.10205128205129
209.9964,55.10205128205129
210.2326,55.10205128205129
210.46880000000002,55.10205128205129
210.705,55.10205128205129
210.9412,55.10205128205129
211.1774,55.10205128205129
211.4136,55.10205128205129
211.6498,55.10205128205129
211.886,54.5361282051282
212.12220000000002,54.5361282051282
212.35840000000002,54.5361282051282
212.5946,54.5361282051282
212.8308,54.5361282051282
213.067,54.5361282051282
213.3032,54.5361282051282
213.5394,54.5361282051282
213.7756,54.5361282051282
214.0118,54.5361282051282
214.248,54.5361282051282
214.48420000000002,54.5361282051282
214.7204,54.5361282051282
214.9566,53.351794871794866
215.1928,53.351794871794866
215.429,53.351794871794866
215.6652,53.351794871794866
215.9014,53.351794871794866
216.13760000000002,53.351794871794866
216.37380000000002,53.351794871794866
216.61,53.351794871794866
216.8462,53.351794871794866
217.0824,53.351794871794866
217.3186,53.351794871794866
217.5548,53.351794871794866
217.791,53.351794871794866
218.0272,52.298128205128215
218.2634,52.298128205128215
218.49960000000002,52.298128205128215
218.7358,52.298128205128215
218.972,52.298128205128215
219.2082,52.298128205128215
219.4444,52.298128205128215
219.6806,52.298128205128215
219.91680000000002,52.298128205128215
220.15300000000002,52.298128205128215
220.38920000000002,52.298128205128215
220.6254,52.298128205128215
220.8616,52.298128205128215
221.0978,51.090435897435896
221.334,51.090435897435896
221.5702,51.090435897435896
221.8064,51.090435897435896
222.0426,51.090435897435896
222.2788,51.090435897435896
222.51500000000001,51.090435897435896
222.7512,51.090435897435896
222.9874,51.090435897435896
223.2236,51.090435897435896
223.4598,51.090435897435896
223.696,51.090435897435896
223.93220000000002,51.090435897435896
224.16840000000002,49.56494871794872
224.40460000000002,49.56494871794872
224.6408,49.56494871794872
224.877,49.56494871794872
225.1132,49.56494871794872
225.3494,49.56494871794872
225.5856,49.56494871794872
225.8218,49.56494871794872
226.058,49.56494871794872
226.2942,49.56494871794872
226.53040000000001,49.56494871794872
226.7666,49.56494871794872
227.0028,49.56494871794872
227.239,48.87866666666666
227.4752,48.87866666666666
227.7114,48.87866666666666
227.94760000000002,48.87866666666666
228.18380000000002,48.87866666666666
228.42000000000002,48.87866666666666
228.6562,48.87866666666666
228.8924,48.87866666666666
229.1286,48.87866666666666
229.3648,48.87866666666666
229.601,48.87866666666666
229.8372,48.87866666666666
230.0734,48.87866666666666
230.3096,48.008410256410244
230.5458,48.008410256410244
230.782,48.008410256410244
231.0182,48.008410256410244
231.2544,48.008410256410244
231.4906,48.008410256410244
231.7268,48.008410256410244
231.96300000000002,48.008410256410244
232.19920000000002,48.008410256410244
232.43540000000002,48.008410256410244
232.6716,48.008410256410244
232.9078,48.008410256410244
233.144,48.008410256410244
233.3802,47.39238461538462
233.6164,47.39238461538462
233.8526,47.39238461538462
234.0888,47.39238461538462
234.325,47.39238461538462
234.5612,47.39238461538462
234.7974,47.39238461538462
235.0336,47.39238461538462
235.2698,47.39238461538462
235.506,47.39238461538462
235.7422,47.39238461538462
235.97840000000002,47.39238461538462
236.21460000000002,47.39238461538462
236.45080000000002,46.38407692307692
236.687,46.38407692307692
236.9232,46.38407692307692
237.1594,46.38407692307692
237.3956,46.38407692307692
237.6318,46.38407692307692
237.868,46.38407692307692
238.1042,46.38407692307692
238.3404,46.38407692307692
238.5766,46.38407692307692
238.8128,46.38407692307692
239.049,46.38407692307692
239.2852,46.38407692307692
239.5214,46.148358974358985
239.7576,46.148358974358985
239.99380000000002,46.148358974358985
240.23000000000002,46.148358974358985
240.46620000000001,46.148358974358985
240.7024,46.148358974358985
240.9386,46.148358974358985
241.1748,46.148358974358985
241.411,46.148358974358985
241.6472,46.148358974358985
241.8834,46.148358974358985
242.1196,46.148358974358985
242.3558,46.148358974358985
242.592,45.62789743589743
242.8282,45.62789743589743
243.0644,45.62789743589743
243.3006,45.62789743589743
243.5368,45.62789743589743
243.773,45.62789743589743
244.00920000000002,45.62789743589743
244.24540000000002,45.62789743589743
244.48160000000001,45.62789743589743
244.7178,45.62789743589743
244.954,45.62789743589743
245.1902,45.62789743589743
245.4264,45.62789743589743
245.6626,44.94620512820513
245.8988,44.94620512820513
246.135,44.94620512820513
246.3712,44.94620512820513
246.60739999999998,44.94620512820513
246.8436,44.94620512820513
247.0798,44.94620512820513
247.316,44.94620512820513
247.5522,44.94620512820513
247.78840000000002,44.94620512820513
248.02460000000002,44.94620512820513
248.26080000000002,44.94620512820513
248.497,44.94620512820513
248.7332,44.49351282051282
248.9694,44.49351282051282
249.2056,44.49351282051282
249.4418,44.49351282051282
249.678,44.49351282051282
249.9142,44.49351282051282
250.1504,44.49351282051282
250.3866,44.49351282051282
250.62279999999998,44.49351282051282
250.859,44.49351282051282
251.0952,44.49351282051282
251.3314,44.49351282051282
251.5676,44.49351282051282
251.80380000000002,44.127025641025654
252.04000000000002,44.127025641025654
252.27620000000002,44.127025641025654
252.5124,44.127025641025654
252.7486,44.127025641025654
252.9848,44.127025641025654
253.221,44.127025641025654
253.4572,44.127025641025654
253.6934,44.127025641025654
253.9296,44.127025641025654
254.1658,44.127025641025654
254.402,44.127025641025654
254.63819999999998,44.127025641025654
254.8744,43.97094871794872
255.1106,43.97094871794872
255.3468,43.97094871794872
255.583,43.97094871794872
255.81920000000002,43.97094871794872
256.0554,43.97094871794872
256.2916,43.97094871794872
256.5278,43.97094871794872
256.764,43.97094871794872
257.0002,43.97094871794872
257.2364,43.97094871794872
257.4726,43.97094871794872
257.7088,43.97094871794872
257.945,43.21928205128206
258.1812,43.21928205128206
258.4174,43.21928205128206
258.6536,43.21928205128206
258.88980000000004,43.21928205128206
259.126,43.21928205128206
259.36220000000003,43.21928205128206
259.59839999999997,43.21928205128206
259.8346,43.21928205128206
260.0708,43.21928205128206
260.307,43.21928205128206
260.5432,43.21928205128206
260.7794,43.21928205128206
261.0156,42.95841025641026
261.2518,42.95841025641026
261.488,42.95841025641026
261.7242,42.95841025641026
261.9604,42.95841025641026
262.1966,42.95841025641026
262.4328,42.95841025641026
262.669,42.95841025641026
262.90520000000004,42.95841025641026
263.1414,42.95841025641026
263.37760000000003,42.95841025641026
263.61379999999997,42.95841025641026
263.85,42.95841025641026
264.0862,42.77725641025642
264.3224,42.77725641025642
264.5586,42.77725641025642
264.7948,42.77725641025642
265.031,42.77725641025642
265.2672,42.77725641025642
265.5034,42.77725641025642
265.7396,42.77725641025642
265.9758,42.77725641025642
266.212,42.77725641025642
266.4482,42.77725641025642
266.6844,42.77725641025642
266.92060000000004,42.77725641025642
267.1568,42.82169230769231
267.39300000000003,42.82169230769231
267.62919999999997,42.82169230769231
267.8654,42.82169230769231
268.1016,42.82169230769231
268.3378,42.82169230769231
268.574,42.82169230769231
268.8102,42.82169230769231
269.0464,42.82169230769231
269.2826,42.82169230769231
269.5188,42.82169230769231
269.755,42.82169230769231
269.9912,42.82169230769231
270.2274,42.61489743589743
270.4636,42.61489743589743
270.6998,42.61489743589743
270.93600000000004,42.61489743589743
271.1722,42.61489743589743
271.40840000000003,42.61489743589743
271.6446,42.61489743589743
271.8808,42.61489743589743
272.117,42.61489743589743
272.3532,42.61489743589743
272.5894,42.61489743589743
272.8256,42.61489743589743
273.0618,42.61489743589743
273.298,42.16774358974359
273.5342,42.16774358974359
273.7704,42.16774358974359
274.0066,42.16774358974359
274.2428,42.16774358974359
274.479,42.16774358974359
274.7152,42.16774358974359
274.95140000000004,42.16774358974359
275.1876,42.16774358974359
275.4238,42.16774358974359
275.66,42.16774358974359
275.8962,42.16774358974359
276.1324,42.16774358974359
276.3686,41.78982051282051
276.6048,41.78982051282051
276.841,41.78982051282051
277.0772,41.78982051282051
277.3134,41.78982051282051
277.5496,41.78982051282051
277.7858,41.78982051282051
278.022,41.78982051282051
278.2582,41.78982051282051
278.4944,41.78982051282051
278.7306,41.78982051282051
278.96680000000003,41.78982051282051
279.203,41.78982051282051
279.4392,41.284794871794865
279.6754,41.284794871794865
279.9116,41.284794871794865
280.1478,41.284794871794865
280.384,41.284794871794865
280.6202,41.284794871794865
280.8564,41.284794871794865
281.0926,41.284794871794865
281.3288,41.284794871794865
281.565,41.284794871794865
281.8012,41.284794871794865
282.0374,41.284794871794865
282.2736,41.284794871794865
282.5098,40.88792307692308
282.746,40.88792307692308
282.98220000000003,40.88792307692308
283.2184,40.88792307692308
283.4546,40.88792307692308
283.6908,40.88792307692308
283.927,40.88792307692308
284.1632,40.88792307692308
284.3994,40.88792307692308
284.6356,40.88792307692308
284.8718,40.88792307692308
285.108,40.88792307692308
285.3442,40.88792307692308
285.5804,40.461410256410254
285.8166,40.461410256410254
286.0528,40.461410256410254
286.289,40.461410256410254
286.5252,40.461410256410254
286.7614,40.461410256410254
286.99760000000003,40.461410256410254
287.2338,40.461410256410254
287.47,40.461410256410254
287.7062,40.461410256410254
287.9424,40.461410256410254
288.1786,40.461410256410254
288.4148,40.461410256410254
288.651,40.11179487179488
288.8872,40.11179487179488
289.1234,40.11179487179488
289.3596,40.11179487179488
289.5958,40.11179487179488
289.832,40.11179487179488
290.0682,40.11179487179488
290.3044,40.11179487179488
290.5406,40.11179487179488
290.7768,40.11179487179488
291.01300000000003,40.11179487179488
291.2492,40.11179487179488
291.4854,40.11179487179488
291.7216,39.8581794871795
291.9578,39.8581794871795
292.194,39.8581794871795
292.4302,39.8581794871795
292.6664,39.8581794871795
292.9026,39.8581794871795
293.1388,39.8581794871795
293.375,39.8581794871795
293.6112,39.8581794871795
293.8474,39.8581794871795
294.0836,39.8581794871795
294.3198,39.8581794871795
294.556,39.8581794871795
294.7922,39.53361538461539
295.02840000000003,39.53361538461539
295.2646,39.53361538461539
295.5008,39.53361538461539
295.737,39.53361538461539
295.9732,39.53361538461539
296.2094,39.53361538461539
296.4456,39.53361538461539
296.6818,39.53361538461539
296.918,39.53361538461539
297.1542,39.53361538461539
297.3904,39.53361538461539
297.6266,39.53361538461539
297.8628,39.03753846153846
298.099,39.03753846153846
298.3352,39.03753846153846
298.5714,39.03753846153846
298.8076,39.03753846153846
299.04380000000003,39.03753846153846
299.28,39.03753846153846
299.5162,39.03753846153846
299.7524,39.03753846153846
299.9886,39.03753846153846
300.2248,39.03753846153846
300.461,39.03753846153846
300.6972,39.03753846153846
300.9334,38.82582051282051
301.1696,38.82582051282051
301.4058,38.82582051282051
301.642,38.82582051282051
301.8782,38.82582051282051
302.1144,38.82582051282051
302.3506,38.82582051282051
302.5868,38.82582051282051
302.823,38.82582051282051
303.05920000000003,38.82582051282051
303.2954,38.82582051282051
303.5316,38.82582051282051
303.7678,38.82582051282051
304.004,38.35305128205128
304.2402,38.35305128205128
304.4764,38.35305128205128
304.7126,38.35305128205128
304.9488,38.35305128205128
305.185,38.35305128205128
305.4212,38.35305128205128
305.6574,38.35305128205128
305.8936,38.35305128205128
306.1298,38.35305128205128
306.366,38.35305128205128
306.6022,38.35305128205128
306.8384,38.35305128205128
307.07460000000003,37.96730769230769
307.3108,37.96730769230769
307.547,37.96730769230769
307.7832,37.96730769230769
308.0194,37.96730769230769
308.2556,37.96730769230769
308.4918,37.96730769230769
308.728,37.96730769230769
308.9642,37.96730769230769
309.2004,37.96730769230769
309.4366,37.96730769230769
309.6728,37.96730769230769
309.909,37.96730769230769
310.14520000000005,37.61030769230769
310.3814,37.61030769230769
310.61760000000004,37.61030769230769
310.8538,37.61030769230769
311.09000000000003,37.61030769230769
311.3262,37.61030769230769
311.5624,37.61030769230769
311.79859999999996,37.61030769230769
312.0348,37.61030769230769
312.271,37.61030769230769
312.5072,37.61030769230769
312.7434,37.61030769230769
312.9796,37.61030769230769
313.2158,37.826641025641024
313.452,37.826641025641024
313.6882,37.826641025641024
313.9244,37.826641025641024
314.16060000000004,37.826641025641024
314.3968,37.826641025641024
314.63300000000004,37.826641025641024
314.8692,37.826641025641024
315.10540000000003,37.826641025641024
315.34159999999997,37.826641025641024
315.5778,37.826641025641024
315.81399999999996,37.826641025641024
316.0502,37.826641025641024
316.2864,37.92715384615384
316.5226,37.92715384615384
316.7588,37.92715384615384
316.995,37.92715384615384
317.2312,37.92715384615384
317.4674,37.92715384615384
317.7036,37.92715384615384
317.9398,37.92715384615384
318.17600000000004,37.92715384615384
318.4122,37.92715384615384
318.64840000000004,37.92715384615384
318.8846,37.92715384615384
319.12080000000003,37.92715384615384
319.35699999999997,37.98958974358975
319.5932,37.98958974358975
319.82939999999996,37.98958974358975
320.0656,37.98958974358975
320.3018,37.98958974358975
320.538,37.98958974358975
320.7742,37.98958974358975
321.0104,37.98958974358975
321.2466,37.98958974358975
321.4828,37.98958974358975
321.719,37.98958974358975
321.9552,37.98958974358975
322.19140000000004,37.98958974358975
322.4276,37.912948717948716
322.66380000000004,37.912948717948716
322.9,37.912948717948716
323.13620000000003,37.912948717948716
323.37239999999997,37.912948717948716
323.6086,37.912948717948716
323.84479999999996,37.912948717948716
324.081,37.912948717948716
324.3172,37.912948717948716
324.5534,37.912948717948716
324.7896,37.912948717948716
325.0258,37.912948717948716
325.262,37.912948717948716
325.4982,38.12564102564103
325.7344,38.12564102564103
325.9706,38.12564102564103
326.20680000000004,38.12564102564103
326.443,38.12564102564103
326.67920000000004,38.12564102564103
326.9154,38.12564102564103
327.15160000000003,38.12564102564103
327.38779999999997,38.12564102564103
327.624,38.12564102564103
327.86019999999996,38.12564102564103
328.0964,38.12564102564103
328.3326,38.12564102564103
328.5688,38.288564102564095
328.805,38.288564102564095
329.0412,38.288564102564095
329.2774,38.288564102564095
329.5136,38.288564102564095
329.7498,38.288564102564095
329.986,38.288564102564095
330.22220000000004,38.288564102564095
330.4584,38.288564102564095
330.69460000000004,38.288564102564095
330.9308,38.288564102564095
331.16700000000003,38.288564102564095
331.40319999999997,38.288564102564095
331.6394,38.73776923076923
331.87559999999996,38.73776923076923
332.1118,38.73776923076923
332.348,38.73776923076923
332.5842,38.73776923076923
332.8204,38.73776923076923
333.0566,38.73776923076923
333.2928,38.73776923076923
333.529,38.73776923076923
333.7652,38.73776923076923
334.0014,38.73776923076923
334.23760000000004,38.73776923076923
334.4738,38.73776923076923
334.71000000000004,39.24810256410257
334.9462,39.24810256410257
335.18240000000003,39.24810256410257
335.41859999999997,39.24810256410257
335.6548,39.24810256410257
335.89099999999996,39.24810256410257
336.1272,39.24810256410257
336.3634,39.24810256410257
336.5996,39.24810256410257
336.8358,39.24810256410257
337.072,39.24810256410257
337.3082,39.24810256410257
337.5444,39.24810256410257
337.7806,39.36315384615385
338.0168,39.36315384615385
338.25300000000004,39.36315384615385
338.4892,39.36315384615385
338.72540000000004,39.36315384615385
338.9616,39.36315384615385
339.19780000000003,39.36315384615385
339.43399999999997,39.36315384615385
339.6702,39.36315384615385
339.90639999999996,39.36315384615385
340.1426,39.36315384615385
340.3788,39.36315384615385
340.615,39.36315384615385
340.8512,39.80392307692308
341.0874,39.80392307692308
341.3236,39.80392307692308
341.5598,39.80392307692308
341.796,39.80392307692308
342.0322,39.80392307692308
342.26840000000004,39.80392307692308
342.5046,39.80392307692308
342.74080000000004,39.80392307692308
342.977,39.80392307692308
343.21320000000003,39.80392307692308
343.44939999999997,39.80392307692308
343.6856,39.80392307692308
343.92179999999996,40.15805128205128
344.158,40.15805128205128
344.3942,40.15805128205128
344.6304,40.15805128205128
344.8666,40.15805128205128
345.1028,40.15805128205128
345.339,40.15805128205128
345.5752,40.15805128205128
345.8114,40.15805128205128
346.0476,40.15805128205128
346.28380000000004,40.15805128205128
346.52,40.15805128205128
346.75620000000004,40.15805128205128
346.9924,40.66941025641026
347.22860000000003,40.66941025641026
347.46479999999997,40.66941025641026
347.701,40.66941025641026
347.93719999999996,40.66941025641026
348.1734,40.66941025641026
348.4096,40.66941025641026
348.6458,40.66941025641026
348.882,40.66941025641026
349.1182,40.66941025641026
349.3544,40.66941025641026
349.5906,40.66941025641026
349.8268,40.66941025641026
350.063,40.86864102564102
350.29920000000004,40.86864102564102
350.5354,40.86864102564102
350.77160000000003,40.86864102564102
351.0078,40.86864102564102
351.244,40.86864102564102
351.48019999999997,40.86864102564102
351.7164,40.86864102564102
351.95259999999996,40.86864102564102
352.1888,40.86864102564102
352.425,40.86864102564102
352.6612,40.86864102564102
352.8974,40.86864102564102
353.1336,41.228923076923074
353.3698,41.228923076923074
353.606,41.228923076923074
353.8422,41.228923076923074
354.0784,41.228923076923074
354.31460000000004,41.228923076923074
354.5508,41.228923076923074
354.78700000000003,41.228923076923074
355.0232,41.228923076923074
355.2594,41.228923076923074
355.49559999999997,41.228923076923074
355.7318,41.228923076923074
355.96799999999996,41.228923076923074
356.2042,41.35633333333333
356.4404,41.35633333333333
356.6766,41.35633333333333
356.9128,41.35633333333333
357.149,41.35633333333333
357.3852,41.35633333333333
357.6214,41.35633333333333
357.8576,41.35633333333333
358.0938,41.35633333333333
358.33000000000004,41.35633333333333
358.5662,41.35633333333333
358.80240000000003,41.35633333333333
359.0386,41.35633333333333
359.2748,42.022333333333336
359.51099999999997,42.022333333333336
359.7472,42.022333333333336
359.98339999999996,42.022333333333336
360.2196,42.022333333333336
360.4558,42.022333333333336
360.692,42.022333333333336
360.9282,42.022333333333336
361.1644,42.022333333333336
361.4006,42.022333333333336
361.6368,42.022333333333336
361.873,42.022333333333336
362.1092,42.022333333333336
362.34540000000004,42.585897435897444
362.5816,42.585897435897444
362.81780000000003,42.585897435897444
363.054,42.585897435897444
363.2902,42.585897435897444
363.52639999999997,42.585897435897444
363.7626,42.585897435897444
363.99879999999996,42.585897435897444
364.235,42.585897435897444
364.4712,42.585897435897444
364.7074,42.585897435897444
364.9436,42.585897435897444
365.1798,42.585897435897444
365.416,43.07861538461538
365.6522,43.07861538461538
365.8884,43.07861538461538
366.1246,43.07861538461538
366.36080000000004,43.07861538461538
366.597,43.07861538461538
366.83320000000003,43.07861538461538
367.0694,43.07861538461538
367.3056,43.07861538461538
367.54179999999997,43.07861538461538
367.778,43.07861538461538
368.01419999999996,43.07861538461538
368.2504,43.07861538461538
368.4866,43.664743589743594
368.7228,43.664743589743594
368.959,43.664743589743594
369.1952,43.664743589743594
369.4314,43.664743589743594
369.6676,43.664743589743594
369.9038,43.664743589743594
370.14,43.664743589743594
370.37620000000004,43.664743589743594
370.6124,43.664743589743594
370.84860000000003,43.664743589743594
371.0848,43.664743589743594
371.321,43.664743589743594
371.55719999999997,43.962641025641034
371.7934,43.962641025641034
372.02959999999996,43.962641025641034
372.2658,43.962641025641034
372.502,43.962641025641034
372.7382,43.962641025641034
372.9744,43.962641025641034
373.2106,43.962641025641034
373.4468,43.962641025641034
373.683,43.962641025641034
373.9192,43.962641025641034
374.1554,43.962641025641034
374.39160000000004,43.962641025641034
374.6278,44.15594871794871
374.86400000000003,44.15594871794871
375.1002,44.15594871794871
375.3364,44.15594871794871
375.57259999999997,44.15594871794871
375.8088,44.15594871794871
376.04499999999996,44.15594871794871
376.2812,44.15594871794871
376.5174,44.15594871794871
376.7536,44.15594871794871
376.9898,44.15594871794871
377.226,44.15594871794871
377.4622,44.15594871794871
377.6984,44.39120512820512
377.9346,44.39120512820512
378.1708,44.39120512820512
378.40700000000004,44.39120512820512
378.6432,44.39120512820512
378.87940000000003,44.39120512820512
379.1156,44.39120512820512
379.3518,44.39120512820512
379.58799999999997,44.39120512820512
379.8242,44.39120512820512
380.06039999999996,44.39120512820512
380.2966,44.39120512820512
380.5328,44.39120512820512
380.769,44.61289743589744
381.0052,44.61289743589744
381.2414,44.61289743589744
381.4776,44.61289743589744
381.7138,44.61289743589744
381.95,44.61289743589744
382.1862,44.61289743589744
382.42240000000004,44.61289743589744
382.6586,44.61289743589744
382.89480000000003,44.61289743589744
383.131,44.61289743589744
383.3672,44.61289743589744
383.60339999999997,44.61289743589744
383.8396,45.0931282051282
384.0758,45.0931282051282
384.312,45.0931282051282
384.5482,45.0931282051282
384.7844,45.0931282051282
385.0206,45.0931282051282
385.2568,45.0931282051282
385.493,45.0931282051282
385.7292,45.0931282051282
385.9654,45.0931282051282
386.2016,45.0931282051282
386.43780000000004,45.0931282051282
386.674,45.0931282051282
386.91020000000003,44.98815384615385
387.14639999999997,44.98815384615385
387.3826,44.98815384615385
387.61879999999996,44.98815384615385
387.855,44.98815384615385
388.0912,44.98815384615385
388.3274,44.98815384615385
388.5636,44.98815384615385
388.7998,44.98815384615385
389.036,44.98815384615385
389.2722,44.98815384615385
389.5084,44.98815384615385
389.7446,44.98815384615385
389.9808,44.87861538461539
390.217,44.87861538461539
390.45320000000004,44.87861538461539
390.6894,44.87861538461539
390.92560000000003,44.87861538461539
391.16179999999997,44.87861538461539
391.398,44.87861538461539
391.63419999999996,44.87861538461539
391.8704,44.87861538461539
392.1066,44.87861538461539
392.3428,44.87861538461539
392.579,44.87861538461539
392.8152,44.87861538461539
393.0514,44.889923076923075
393.2876,44.889923076923075
393.5238,44.889923076923075
393.76,44.889923076923075
393.9962,44.889923076923075
394.2324,44.889923076923075
394.46860000000004,44.889923076923075
394.7048,44.889923076923075
394.94100000000003,44.889923076923075
395.17719999999997,44.889923076923075
395.4134,44.889923076923075
395.64959999999996,44.889923076923075
395.8858,44.889923076923075
396.122,44.977230769230765
396.3582,44.977230769230765
396.5944,44.977230769230765
396.8306,44.977230769230765
397.0668,44.977230769230765
397.303,44.977230769230765
397.5392,44.977230769230765
397.7754,44.977230769230765
398.0116,44.977230769230765
398.2478,44.977230769230765
398.48400000000004,44.977230769230765
398.7202,44.977230769230765
398.95640000000003,44.977230769230765
399.19259999999997,45.58689743589743
399.4288,45.58689743589743
399.66499999999996,45.58689743589743
399.9012,45.58689743589743
400.1374,45.58689743589743
400.3736,45.58689743589743
400.6098,45.58689743589743
400.846,45.58689743589743
401.0822,45.58689743589743
401.3184,45.58689743589743
401.5546,45.58689743589743
401.7908,45.58689743589743
402.027,45.58689743589743
402.2632,46.30482051282051
402.49940000000004,46.30482051282051
402.7356,46.30482051282051
402.97180000000003,46.30482051282051
403.20799999999997,46.30482051282051
403.4442,46.30482051282051
403.68039999999996,46.30482051282051
403.9166,46.30482051282051
404.1528,46.30482051282051
404.389,46.30482051282051
404.6252,46.30482051282051
404.8614,46.30482051282051
405.0976,46.30482051282051
405.3338,47.14046153846154
405.57,47.14046153846154
405.8062,47.14046153846154
406.0424,47.14046153846154
406.2786,47.14046153846154
406.51480000000004,47.14046153846154
406.751,47.14046153846154
406.98720000000003,47.14046153846154
407.22339999999997,47.14046153846154
407.4596,47.14046153846154
407.69579999999996,47.14046153846154
407.932,47.14046153846154
408.1682,47.14046153846154
408.4044,47.61576923076924
408.6406,47.61576923076924
408.8768,47.61576923076924
409.113,47.61576923076924
409.3492,47.61576923076924
409.5854,47.61576923076924
409.8216,47.61576923076924
410.05780000000004,47.61576923076924
410.294,47.61576923076924
410.53020000000004,47.61576923076924
410.7664,47.61576923076924
411.00260000000003,47.61576923076924
411.23879999999997,47.61576923076924
411.475,48.1891282051282
411.71119999999996,48.1891282051282
411.9474,48.1891282051282
412.1836,48.1891282051282
412.4198,48.1891282051282
412.656,48.1891282051282
412.8922,48.1891282051282
413.1284,48.1891282051282
413.3646,48.1891282051282
413.6008,48.1891282051282
413.837,48.1891282051282
414.07320000000004,48.1891282051282
414.3094,48.1891282051282
414.54560000000004,48.81384615384616
414.7818,48.81384615384616
415.01800000000003,48.81384615384616
415.25419999999997,48.81384615384616
415.4904,48.81384615384616
415.72659999999996,48.81384615384616
415.9628,48.81384615384616
416.199,48.81384615384616
416.4352,48.81384615384616
416.6714,48.81384615384616
416.9076,48.81384615384616
417.1438,48.81384615384616
417.38,48.81384615384616
417.6162,49.76033333333333
417.8524,49.76033333333333
418.08860000000004,49.76033333333333
418.3248,49.76033333333333
418.56100000000004,49.76033333333333
418.7972,49.76033333333333
419.03340000000003,49.76033333333333
419.26959999999997,49.76033333333333
419.5058,49.76033333333333
419.74199999999996,49.76033333333333
419.9782,49.76033333333333
420.2144,49.76033333333333
420.4506,49.76033333333333
420.6868,50.51384615384616
420.923,50.51384615384616
421.1592,50.51384615384616
421.3954,50.51384615384616
421.6316,50.51384615384616
421.8678,50.51384615384616
422.10400000000004,50.51384615384616
422.3402,50.51384615384616
422.57640000000004,50.51384615384616
422.8126,50.51384615384616
423.0488,50.51384615384616
423.28499999999997,50.51384615384616
423.5212,50.51384615384616
423.75739999999996,53.01456410256411
423.9936,53.01456410256411
424.2298,53.01456410256411
424.466,53.01456410256411
424.7022,53.01456410256411
424.9384,53.01456410256411
425.1746,53.01456410256411
425.4108,53.01456410256411
425.647,53.01456410256411
425.8832,53.01456410256411
426.11940000000004,53.01456410256411
426.3556,53.01456410256411
426.59180000000003,53.01456410256411
426.828,57.32294871794872
427.0642,57.32294871794872
427.30039999999997,57.32294871794872
427.5366,57.32294871794872
427.77279999999996,57.32294871794872
428.009,57.32294871794872
428.2452,57.32294871794872
428.4814,57.32294871794872
428.7176,57.32294871794872
428.9538,57.32294871794872
429.19,57.32294871794872
429.4262,57.32294871794872
429.6624,57.32294871794872
429.8986,64.0994358974359
430.13480000000004,64.0994358974359
430.371,64.0994358974359
430.60720000000003,64.0994358974359
430.8434,64.0994358974359
431.0796,64.0994358974359
431.31579999999997,64.0994358974359
431.552,64.0994358974359
431.78819999999996,64.0994358974359
432.0244,64.0994358974359
432.2606,64.0994358974359
432.4968,64.0994358974359
432.733,64.0994358974359
432.9692,74.4008717948718
433.2054,74.4008717948718
433.4416,74.4008717948718
433.6778,74.4008717948718
433.914,74.4008717948718
434.15020000000004,74.4008717948718
434.3864,74.4008717948718
434.62260000000003,74.4008717948718
434.8588,74.4008717948718
435.095,74.4008717948718
435.33119999999997,74.4008717948718
435.5674,74.4008717948718
435.80359999999996,74.4008717948718
436.0398,83.186
436.276,83.186
436.5122,83.186
436.7484,83.186
436.9846,83.186
437.2208,83.186
437.457,83.186
437.6932,83.186
437.9294,83.186
438.1656,83.186
438.4018,83.186
438.638,83.186
438.8742,83.186
439.1104,90.49064102564103
439.3466,90.49064102564103
439.5828,90.49064102564103
439.819,90.49064102564103
440.0552,90.49064102564103
440.2914,90.49064102564103
440.5276,90.49064102564103
440.7638,90.49064102564103
441.0,90.49064102564103
441.2362,90.49064102564103
441.4724,90.49064102564103
441.7086,90.49064102564103
441.9448,90.49064102564103
442.181,95.59123076923076
442.4172,95.59123076923076
442.6534,95.59123076923076
442.8896,95.59123076923076
443.1258,95.59123076923076
443.362,95.59123076923076
443.5982,95.59123076923076
443.8344,95.59123076923076
444.0706,95.59123076923076
444.3068,95.59123076923076
444.543,95.59123076923076
444.7792,95.59123076923076
445.0154,95.59123076923076
445.2516,100.46805128205128
445.4878,100.46805128205128
445.724,100.46805128205128
445.9602,100.46805128205128
446.1964,100.46805128205128
446.4326,100.46805128205128
446.6688,100.46805128205128
446.905,100.46805128205128
447.1412,100.46805128205128
447.3774,100.46805128205128
447.6136,100.46805128205128
447.8498,100.46805128205128
448.086,100.46805128205128
448.3222,103.0833076923077
448.5584,103.0833076923077
448.7946,103.0833076923077
449.0308,103.0833076923077
449.267,103.0833076923077
449.5032,103.0833076923077
449.7394,103.0833076923077
449.9756,103.0833076923077
450.2118,103.0833076923077
450.448,103.0833076923077
450.6842,103.0833076923077
450.9204,103.0833076923077
451.1566,103.0833076923077
451.3928,103.75566666666666
451.629,103.75566666666666
451.8652,103.75566666666666
452.1014,103.75566666666666
452.3376,103.75566666666666
452.5738,103.75566666666666
452.81,103.75566666666666
453.0462,103.75566666666666
453.2824,103.75566666666666
453.5186,103.75566666666666
453.7548,103.75566666666666
453.991,103.75566666666666
454.2272,103.75566666666666
454.4634,104.46751282051281
454.6996,104.46751282051281
454.9358,104.46751282051281
455.172,104.46751282051281
455.4082,104.46751282051281
455.6444,104.46751282051281
455.8806,104.46751282051281
456.1168,104.46751282051281
456.353,104.46751282051281
456.5892,104.46751282051281
456.8254,104.46751282051281
457.0616,104.46751282051281
457.2978,104.46751282051281
457.534,105.07535897435895
457.7702,105.07535897435895
458.0064,105.07535897435895
458.2426,105.07535897435895
458.4788,105.07535897435895
458.715,105.07535897435895
458.9512,105.07535897435895
459.1874,105.07535897435895
459.4236,105.07535897435895
459.6598,105.07535897435895
459.896,105.07535897435895
460.1322,105.07535897435895
460.3684,105.07535897435895
460.6046,105.41553846153846
460.8408,105.41553846153846
461.077,105.41553846153846
461.3132,105.41553846153846
461.5494,105.41553846153846
461.7856,105.41553846153846
462.0218,105.41553846153846
462.258,105.41553846153846
462.4942,105.41553846153846
462.7304,105.41553846153846
462.96659999999997,105.41553846153846
463.2028,105.41553846153846
463.439,105.41553846153846
463.6752,105.71058974358976
463.9114,105.71058974358976
464.1476,105.71058974358976
464.3838,105.71058974358976
464.62,105.71058974358976
464.8562,105.71058974358976
465.0924,105.71058974358976
465.3286,105.71058974358976
465.5648,105.71058974358976
465.801,105.71058974358976
466.0372,105.71058974358976
466.2734,105.71058974358976
466.5096,105.71058974358976
466.7458,105.80717948717951
466.98199999999997,105.80717948717951
467.2182,105.80717948717951
467.4544,105.80717948717951
467.6906,105.80717948717951
467.9268,105.80717948717951
468.163,105.80717948717951
468.3992,105.80717948717951
468.6354,105.80717948717951
468.8716,105.80717948717951
469.1078,105.80717948717951
469.344,105.80717948717951
469.5802,105.80717948717951
469.8164,105.61999999999999
470.0526,105.61999999999999
470.2888,105.61999999999999
470.525,105.61999999999999
470.7612,105.61999999999999
470.99739999999997,105.61999999999999
471.2336,105.61999999999999
471.4698,105.61999999999999
471.706,105.61999999999999
471.9422,105.61999999999999
472.1784,105.61999999999999
472.4146,105.61999999999999
472.6508,105.61999999999999
472.887,105.44289743589745
473.1232,105.44289743589745
473.3594,105.44289743589745
473.5956,105.44289743589745
473.8318,105.44289743589745
474.068,105.44289743589745
474.3042,105.44289743589745
474.5404,105.44289743589745
474.7766,105.44289743589745
475.01279999999997,105.44289743589745
475.249,105.44289743589745
475.4852,105.44289743589745
475.7214,105.44289743589745
475.9576,104.97607692307693
476.1938,104.97607692307693
476.43,104.97607692307693
476.6662,104.97607692307693
476.9024,104.97607692307693
477.1386,104.97607692307693
477.3748,104.97607692307693
477.611,104.97607692307693
477.8472,104.97607692307693
478.0834,104.97607692307693
478.3196,104.97607692307693
478.5558,104.97607692307693
478.792,104.97607692307693
479.0282,104.06787179487176
479.2644,104.06787179487176
479.5006,104.06787179487176
479.7368,104.06787179487176
479.973,104.06787179487176
480.2092,104.06787179487176
480.4454,104.06787179487176
480.6816,104.06787179487176
480.9178,104.06787179487176
481.154,104.06787179487176
481.3902,104.06787179487176
481.6264,104.06787179487176
481.8626,104.06787179487176
482.0988,103.0715641025641
482.335,103.0715641025641
482.5712,103.0715641025641
482.8074,103.0715641025641
483.0436,103.0715641025641
483.2798,103.0715641025641
483.516,103.0715641025641
483.7522,103.0715641025641
483.9884,103.0715641025641
484.2246,103.0715641025641
484.4608,103.0715641025641
484.697,103.0715641025641
484.9332,103.0715641025641
485.1694,101.92366666666668
485.4056,101.92366666666668
485.6418,101.92366666666668
485.878,101.92366666666668
486.1142,101.92366666666668
486.3504,101.92366666666668
486.5866,101.92366666666668
486.8228,101.92366666666668
487.059,101.92366666666668
487.2952,101.92366666666668
487.5314,101.92366666666668
487.7676,101.92366666666668
488.0038,101.92366666666668
488.24,102.08430769230769
488.4762,102.08430769230769
488.7124,102.08430769230769
488.9486,102.08430769230769
489.1848,102.08430769230769
489.421,102.08430769230769
489.6572,102.08430769230769
489.8934,102.08430769230769
490.1296,102.08430769230769
490.3658,102.08430769230769
490.602,102.08430769230769
490.8382,102.08430769230769
491.0744,102.08430769230769
491.3106,107.63333333333334
491.5468,107.63333333333334
491.783,107.63333333333334
492.0192,107.63333333333334
492.2554,107.63333333333334
492.4916,107.63333333333334
492.7278,107.63333333333334
492.964,107.63333333333334
493.2002,107.63333333333334
493.4364,107.63333333333334
493.6726,107.63333333333334
493.9088,107.63333333333334
494.145,107.63333333333334
494.3812,116.84171794871794
494.6174,116.84171794871794
494.8536,116.84171794871794
495.0898,116.84171794871794
495.326,116.84171794871794
495.5622,116.84171794871794
495.7984,116.84171794871794
496.0346,116.84171794871794
496.2708,116.84171794871794
496.507,116.84171794871794
496.7432,116.84171794871794
496.9794,116.84171794871794
497.2156,116.84171794871794
497.4518,123.24084615384612
497.688,123.24084615384612
497.9242,123.24084615384612
498.1604,123.24084615384612
498.3966,123.24084615384612
498.6328,123.24084615384612
498.86899999999997,123.24084615384612
499.1052,123.24084615384612
499.3414,123.24084615384612
499.5776,123.24084615384612
499.8138,123.24084615384612
500.05,123.24084615384612
500.2862,123.24084615384612
500.5224,127.78958974358973
500.7586,127.78958974358973
500.9948,127.78958974358973
501.231,127.78958974358973
501.4672,127.78958974358973
501.7034,127.78958974358973
501.9396,127.78958974358973
502.1758,127.78958974358973
502.412,127.78958974358973
502.6482,127.78958974358973
502.88439999999997,127.78958974358973
503.1206,127.78958974358973
503.3568,127.78958974358973
503.593,131.89048717948717
503.8292,131.89048717948717
504.0654,131.89048717948717
504.3016,131.89048717948717
504.5378,131.89048717948717
504.774,131.89048717948717
505.0102,131.89048717948717
505.2464,131.89048717948717
505.4826,131.89048717948717
505.7188,131.89048717948717
505.955,131.89048717948717
506.1912,131.89048717948717
506.4274,131.89048717948717
506.6636,135.40592307692305
506.89979999999997,135.40592307692305
507.136,135.40592307692305
507.3722,135.40592307692305
507.6084,135.40592307692305
507.8446,135.40592307692305
508.0808,135.40592307692305
508.317,135.40592307692305
508.5532,135.40592307692305
508.7894,135.40592307692305
509.0256,135.40592307692305
509.2618,135.40592307692305
509.498,135.40592307692305
509.7342,138.64261538461537
509.9704,138.64261538461537
510.2066,138.64261538461537
510.4428,138.64261538461537
510.679,138.64261538461537
510.91519999999997,138.64261538461537
511.1514,138.64261538461537
511.3876,138.64261538461537
511.6238,138.64261538461537
511.86,138.64261538461537
512.0962,138.64261538461537
512.3324,138.64261538461537
512.5686000000001,138.64261538461537
512.8048,141.73476923076925
513.0409999999999,141.73476923076925
513.2772,141.73476923076925
513.5134,141.73476923076925
513.7496,141.73476923076925
513.9857999999999,141.73476923076925
514.222,141.73476923076925
514.4582,141.73476923076925
514.6944,141.73476923076925
514.9305999999999,141.73476923076925
515.1668,141.73476923076925
515.403,141.73476923076925
515.6392000000001,141.73476923076925
515.8754,142.84779487179486
516.1116,142.84779487179486
516.3478,142.84779487179486
516.5840000000001,142.84779487179486
516.8202,142.84779487179486
517.0563999999999,142.84779487179486
517.2926,142.84779487179486
517.5288,142.84779487179486
517.765,142.84779487179486
518.0011999999999,142.84779487179486
518.2374,142.84779487179486
518.4736,142.84779487179486
518.7098,142.84779487179486
518.9459999999999,143.2355128205128
519.1822,143.2355128205128
519.4184,143.2355128205128
519.6546000000001,143.2355128205128
519.8908,143.2355128205128
520.127,143.2355128205128
520.3632,143.2355128205128
520.5994000000001,143.2355128205128
520.8356,143.2355128205128
521.0717999999999,143.2355128205128
521.308,143.2355128205128
521.5442,143.2355128205128
521.7804,143.2355128205128
522.0165999999999,143.2443076923077
522.2528,143.2443076923077
522.489,143.2443076923077
522.7252,143.2443076923077
522.9613999999999,143.2443076923077
523.1976,143.2443076923077
523.4338,143.2443076923077
523.6700000000001,143.2443076923077
523.9062,143.2443076923077
524.1424,143.2443076923077
524.3786,143.2443076923077
524.6148000000001,143.2443076923077
524.851,143.2443076923077
525.0871999999999,143.50753846153845
525.3234,143.50753846153845
525.5596,143.50753846153845
525.7958,143.50753846153845
526.0319999999999,143.50753846153845
526.2682,143.50753846153845
526.5044,143.50753846153845
526.7406,143.50753846153845
526.9767999999999,143.50753846153845
527.213,143.50753846153845
527.4492,143.50753846153845
527.6854000000001,143.50753846153845
527.9216,143.50753846153845
528.1578,144.0213846153846
528.394,144.0213846153846
528.6302000000001,144.0213846153846
528.8664,144.0213846153846
529.1025999999999,144.0213846153846
529.3388,144.0213846153846
529.575,144.0213846153846
529.8112,144.0213846153846
530.0473999999999,144.0213846153846
530.2836,144.0213846153846
530.5198,144.0213846153846
530.756,144.0213846153846
530.9922,144.0213846153846
531.2284,143.8484871794872
531.4646,143.8484871794872
531.7008000000001,143.8484871794872
531.937,143.8484871794872
532.1732,143.8484871794872
532.4094,143.8484871794872
532.6456000000001,143.8484871794872
532.8818,143.8484871794872
533.1179999999999,143.8484871794872
533.3542,143.8484871794872
533.5904,143.8484871794872
533.8266,143.8484871794872
534.0627999999999,143.8484871794872
534.299,143.44284615384615
534.5352,143.44284615384615
534.7714,143.44284615384615
535.0076,143.44284615384615
535.2438,143.44284615384615
535.48,143.44284615384615
535.7162000000001,143.44284615384615
535.9524,143.44284615384615
536.1886,143.44284615384615
536.4248,143.44284615384615
536.6610000000001,143.44284615384615
536.8972,143.44284615384615
537.1333999999999,143.44284615384615
537.3696,142.8425641025641
537.6058,142.8425641025641
537.842,142.8425641025641
538.0781999999999,142.8425641025641
538.3144,142.8425641025641
538.5506,142.8425641025641
538.7868,142.8425641025641
539.023,142.8425641025641
539.2592,142.8425641025641
539.4954,142.8425641025641
539.7316000000001,142.8425641025641
539.9678,142.8425641025641
540.204,142.8425641025641
540.4402,142.06761538461535
540.6764000000001,142.06761538461535
540.9126,142.06761538461535
541.1487999999999,142.06761538461535
541.385,142.06761538461535
541.6212,142.06761538461535
541.8574,142.06761538461535
542.0935999999999,142.06761538461535
542.3298,142.06761538461535
542.566,142.06761538461535
542.8022,142.06761538461535
543.0384,142.06761538461535
543.2746,142.06761538461535
543.5108,141.9937435897436
543.7470000000001,141.9937435897436
543.9832,141.9937435897436
544.2194,141.9937435897436
544.4556,141.9937435897436
544.6918000000001,141.9937435897436
544.928,141.9937435897436
545.1641999999999,141.9937435897436
545.4004,141.9937435897436
545.6366,141.9937435897436
545.8728,141.9937435897436
546.1089999999999,141.9937435897436
546.3452,141.9937435897436
546.5814,141.99146153846155
546.8176,141.99146153846155
547.0538,141.99146153846155
547.29,141.99146153846155
547.5262,141.99146153846155
547.7624000000001,141.99146153846155
547.9986,141.99146153846155
548.2348,141.99146153846155
548.471,141.99146153846155
548.7072000000001,141.99146153846155
548.9434,141.99146153846155
549.1795999999999,141.99146153846155
549.4158,141.99146153846155
549.652,141.01415384615387
549.8882,141.01415384615387
550.1243999999999,141.01415384615387
550.3606,141.01415384615387
550.5968,141.01415384615387
550.833,141.01415384615387
551.0692,141.01415384615387
551.3054,141.01415384615387
551.5416,141.01415384615387
551.7778000000001,141.01415384615387
552.014,141.01415384615387
552.2502,141.01415384615387
552.4864,141.01415384615387
552.7226,139.0822564102564
552.9588,139.0822564102564
553.1949999999999,139.0822564102564
553.4312,139.0822564102564
553.6674,139.0822564102564
553.9036,139.0822564102564
554.1397999999999,139.0822564102564
554.376,139.0822564102564
554.6122,139.0822564102564
554.8484,139.0822564102564
555.0846,139.0822564102564
555.3208,139.0822564102564
555.557,139.0822564102564
555.7932000000001,135.36782051282051
556.0294,135.36782051282051
556.2656,135.36782051282051
556.5018,135.36782051282051
556.738,135.36782051282051
556.9742,135.36782051282051
557.2103999999999,135.36782051282051
557.4466,135.36782051282051
557.6828,135.36782051282051
557.919,135.36782051282051
558.1551999999999,135.36782051282051
558.3914,135.36782051282051
558.6276,135.36782051282051
558.8638,128.37482051282052
559.1,128.37482051282052
559.3362,128.37482051282052
559.5724,128.37482051282052
559.8086000000001,128.37482051282052
560.0448,128.37482051282052
560.281,128.37482051282052
560.5172,128.37482051282052
560.7534,128.37482051282052
560.9896,128.37482051282052
561.2257999999999,128.37482051282052
561.462,128.37482051282052
561.6982,128.37482051282052
561.9344,121.00069230769229
562.1705999999999,121.00069230769229
562.4068,121.00069230769229
562.643,121.00069230769229
562.8792,121.00069230769229
563.1154,121.00069230769229
563.3516,121.00069230769229
563.5878,121.00069230769229
563.8240000000001,121.00069230769229
564.0602,121.00069230769229
564.2964,121.00069230769229
564.5326,121.00069230769229
564.7688,121.00069230769229
565.005,115.59807692307692
565.2411999999999,115.59807692307692
565.4774,115.59807692307692
565.7136,115.59807692307692
565.9498,115.59807692307692
566.1859999999999,115.59807692307692
566.4222,115.59807692307692
566.6584,115.59807692307692
566.8946,115.59807692307692
567.1308,115.59807692307692
567.367,115.59807692307692
567.6032,115.59807692307692
567.8394000000001,115.59807692307692
568.0756,112.70535897435897
568.3118,112.70535897435897
568.548,112.70535897435897
568.7842,112.70535897435897
569.0204,112.70535897435897
569.2565999999999,112.70535897435897
569.4928,112.70535897435897
569.729,112.70535897435897
569.9652,112.70535897435897
570.2013999999999,112.70535897435897
570.4376,112.70535897435897
570.6738,112.70535897435897
570.91,112.70535897435897
571.1462,111.13194871794872
571.3824,111.13194871794872
571.6186,111.13194871794872
571.8548000000001,111.13194871794872
572.091,111.13194871794872
572.3272,111.13194871794872
572.5634,111.13194871794872
572.7996,111.13194871794872
573.0358,111.13194871794872
573.2719999999999,111.13194871794872
573.5082,111.13194871794872
573.7444,111.13194871794872
573.9806,111.13194871794872
574.2167999999999,110.37266666666666
574.453,110.37266666666666
574.6892,110.37266666666666
574.9254,110.37266666666666
575.1616,110.37266666666666
575.3978,110.37266666666666
575.634,110.37266666666666
575.8702000000001,110.37266666666666
576.1064,110.37266666666666
576.3426,110.37266666666666
576.5788,110.37266666666666
576.815,110.37266666666666
577.0512,110.37266666666666
577.2873999999999,110.71166666666666
577.5236,110.71166666666666
577.7598,110.71166666666666
577.996,110.71166666666666
578.2321999999999,110.71166666666666
578.4684,110.71166666666666
578.7046,110.71166666666666
578.9408,110.71166666666666
579.177,110.71166666666666
579.4132,110.71166666666666
579.6494,110.71166666666666
579.8856000000001,110.71166666666666
580.1218,110.71166666666666
580.358,112.27764102564103
580.5942,112.27764102564103
580.8304,112.27764102564103
581.0666,112.27764102564103
581.3027999999999,112.27764102564103
581.539,112.27764102564103
581.7752,112.27764102564103
582.0114,112.27764102564103
582.2475999999999,112.27764102564103
582.4838,112.27764102564103
582.72,112.27764102564103
582.9562,112.27764102564103
583.1924,112.27764102564103
583.4286,114.98676923076923
583.6648,114.98676923076923
583.9010000000001,114.98676923076923
584.1372,114.98676923076923
584.3734,114.98676923076923
584.6096,114.98676923076923
584.8458,114.98676923076923
585.082,114.98676923076923
585.3181999999999,114.98676923076923
585.5544,114.98676923076923
585.7906,114.98676923076923
586.0268,114.98676923076923
586.2629999999999,114.98676923076923
586.4992,118.54456410256411
586.7354,118.54456410256411
586.9716000000001,118.54456410256411
587.2078,118.54456410256411
587.444,118.54456410256411
587.6802,118.54456410256411
587.9164000000001,118.54456410256411
588.1526,118.54456410256411
588.3888,118.54456410256411
588.625,118.54456410256411
588.8612,118.54456410256411
589.0974,118.54456410256411
589.3335999999999,118.54456410256411
589.5698,122.87879487179488
589.806,122.87879487179488
590.0422,122.87879487179488
590.2783999999999,122.87879487179488
590.5146,122.87879487179488
590.7508,122.87879487179488
590.9870000000001,122.87879487179488
591.2232,122.87879487179488
591.4594,122.87879487179488
591.6956,122.87879487179488
591.9318000000001,122.87879487179488
592.168,122.87879487179488
592.4042,122.87879487179488
592.6404,130.15876923076922
592.8766,130.15876923076922
593.1128,130.15876923076922
593.3489999999999,130.15876923076922
593.5852,130.15876923076922
593.8214,130.15876923076922
594.0576,130.15876923076922
594.2937999999999,130.15876923076922
594.53,130.15876923076922
594.7662,130.15876923076922
595.0024000000001,130.15876923076922
595.2386,130.15876923076922
595.4748,130.15876923076922
595.711,139.81079487179488
595.9472000000001,139.81079487179488
596.1834,139.81079487179488
596.4196,139.81079487179488
596.6558,139.81079487179488
596.892,139.81079487179488
597.1282,139.81079487179488
597.3643999999999,139.81079487179488
597.6006,139.81079487179488
597.8368,139.81079487179488
598.073,139.81079487179488
598.3091999999999,139.81079487179488
598.5454,139.81079487179488
598.7816,143.04853846153847
599.0178000000001,143.04853846153847
599.254,143.04853846153847
599.4902,143.04853846153847
599.7264,143.04853846153847
599.9626000000001,143.04853846153847
600.1988,143.04853846153847
600.435,143.04853846153847
600.6712,143.04853846153847
600.9074,143.04853846153847
601.1436,143.04853846153847
601.3797999999999,143.04853846153847
601.616,143.04853846153847
601.8522,141.327358974359
602.0884,141.327358974359
602.3245999999999,141.327358974359
602.5608,141.327358974359
602.797,141.327358974359
603.0332000000001,141.327358974359
603.2694,141.327358974359
603.5056,141.327358974359
603.7418,141.327358974359
603.9780000000001,141.327358974359
604.2142,141.327358974359
604.4504,141.327358974359
604.6866,141.327358974359
604.9228,137.84548717948718
605.159,137.84548717948718
605.3951999999999,137.84548717948718
605.6314,137.84548717948718
605.8676,137.84548717948718
606.1038,137.84548717948718
606.3399999999999,137.84548717948718
606.5762,137.84548717948718
606.8124,137.84548717948718
607.0486000000001,137.84548717948718
607.2848,137.84548717948718
607.521,137.84548717948718
607.7572,137.84548717948718
607.9934000000001,133.6148717948718
608.2296,133.6148717948718
608.4658,133.6148717948718
608.702,133.6148717948718
608.9382,133.6148717948718
609.1744,133.6148717948718
609.4105999999999,133.6148717948718
609.6468,133.6148717948718
609.883,133.6148717948718
610.1192,133.6148717948718
610.3553999999999,133.6148717948718
610.5916,133.6148717948718
610.8278,133.6148717948718
611.0640000000001,129.70802564102567
611.3002,129.70802564102567
611.5364,129.70802564102567
611.7726,129.70802564102567
612.0088000000001,129.70802564102567
612.245,129.70802564102567
612.4812,129.70802564102567
612.7174,129.70802564102567
612.9536,129.70802564102567
613.1898,129.70802564102567
613.4259999999999,129.70802564102567
613.6622,129.70802564102567
613.8984,129.70802564102567
614.1346,126.82171794871793
614.3707999999999,126.82171794871793
614.607,126.82171794871793
614.8432,126.82171794871793
615.0794000000001,126.82171794871793
615.3156,126.82171794871793
615.5518,126.82171794871793
615.788,126.82171794871793
616.0242000000001,126.82171794871793
616.2604,126.82171794871793
616.4966,126.82171794871793
616.7328,126.82171794871793
616.969,126.82171794871793
617.2052,124.5851282051282
617.4413999999999,124.5851282051282
617.6776,124.5851282051282
617.9138,124.5851282051282
618.15,124.5851282051282
618.3861999999999,124.5851282051282
618.6224,124.5851282051282
618.8586,124.5851282051282
619.0948000000001,124.5851282051282
619.331,124.5851282051282
619.5672,124.5851282051282
619.8034,124.5851282051282
620.0396000000001,124.5851282051282
620.2758,121.99571794871795
620.512,121.99571794871795
620.7482,121.99571794871795
620.9844,121.99571794871795
621.2206,121.99571794871795
621.4567999999999,121.99571794871795
621.693,121.99571794871795
621.9292,121.99571794871795
622.1654,121.99571794871795
622.4015999999999,121.99571794871795
622.6378,121.99571794871795
622.874,121.99571794871795
623.1102000000001,121.99571794871795
623.3464,119.38038461538461
623.5826,119.38038461538461
623.8188,119.38038461538461
624.0550000000001,119.38038461538461
624.2912,119.38038461538461
624.5274,119.38038461538461
624.7636,119.38038461538461
624.9998,119.38038461538461
625.236,119.38038461538461
625.4721999999999,119.38038461538461
625.7084,119.38038461538461
625.9446,119.38038461538461
626.1808,119.38038461538461
626.4169999999999,116.11556410256412
626.6532,116.11556410256412
626.8894,116.11556410256412
627.1256000000001,116.11556410256412
627.3618,116.11556410256412
627.598,116.11556410256412
627.8342,116.11556410256412
628.0704000000001,116.11556410256412
628.3066,116.11556410256412
628.5427999999999,116.11556410256412
628.779,116.11556410256412
629.0152,116.11556410256412
629.2514,116.11556410256412
629.4875999999999,112.93841025641024
629.7238,112.93841025641024
629.96,112.93841025641024
630.1962,112.93841025641024
630.4323999999999,112.93841025641024
630.6686,112.93841025641024
630.9048,112.93841025641024
631.1410000000001,112.93841025641024
631.3772,112.93841025641024
631.6134,112.93841025641024
631.8496,112.93841025641024
632.0858000000001,112.93841025641024
632.322,112.93841025641024
632.5581999999999,109.58094871794871
632.7944,109.58094871794871
633.0306,109.58094871794871
633.2668,109.58094871794871
633.5029999999999,109.58094871794871
633.7392,109.58094871794871
633.9754,109.58094871794871
634.2116,109.58094871794871
634.4477999999999,109.58094871794871
634.684,109.58094871794871
634.9202,109.58094871794871
635.1564000000001,109.58094871794871
635.3926,109.58094871794871
635.6288,105.4444358974359
635.865,105.4444358974359
636.1012000000001,105.4444358974359
636.3374,105.4444358974359
636.5735999999999,105.4444358974359
636.8098,105.4444358974359
637.046,105.4444358974359
637.2822,105.4444358974359
637.5183999999999,105.4444358974359
637.7546,105.4444358974359
637.9908,105.4444358974359
638.227,105.4444358974359
638.4631999999999,105.4444358974359
638.6994,101.0296923076923
638.9356,101.0296923076923
639.1718000000001,101.0296923076923
639.408,101.0296923076923
639.6442,101.0296923076923
639.8804,101.0296923076923
640.1166000000001,101.0296923076923
640.3528,101.0296923076923
640.5889999999999,101.0296923076923
640.8252,101.0296923076923
641.0614,101.0296923076923
641.2976,101.0296923076923
641.5337999999999,101.0296923076923
641.77,96.51943589743588
642.0062,96.51943589743588
642.2424,96.51943589743588
642.4785999999999,96.51943589743588
642.7148,96.51943589743588
642.951,96.51943589743588
643.1872000000001,96.51943589743588
643.4234,96.51943589743588
643.6596,96.51943589743588
643.8958,96.51943589743588
644.1320000000001,96.51943589743588
644.3682,96.51943589743588
644.6043999999999,96.51943589743588
644.8406,92.43469230769232
645.0768,92.43469230769232
645.313,92.43469230769232
645.5491999999999,92.43469230769232
645.7854,92.43469230769232
646.0216,92.43469230769232
646.2578,92.43469230769232
646.4939999999999,92.43469230769232
646.7302,92.43469230769232
646.9664,92.43469230769232
647.2026000000001,92.43469230769232
647.4388,92.43469230769232
647.675,92.43469230769232
647.9112,88.1659487179487
648.1474000000001,88.1659487179487
648.3836,88.1659487179487
648.6197999999999,88.1659487179487
648.856,88.1659487179487
649.0922,88.1659487179487
649.3284,88.1659487179487
649.5645999999999,88.1659487179487
649.8008,88.1659487179487
650.037,88.1659487179487
650.2732,88.1659487179487
650.5093999999999,88.1659487179487
650.7456,88.1659487179487
650.9818,84.05064102564103
651.2180000000001,84.05064102564103
651.4542,84.05064102564103
651.6904,84.05064102564103
651.9266,84.05064102564103
652.1628000000001,84.05064102564103
652.399,84.05064102564103
652.6351999999999,84.05064102564103
652.8714,84.05064102564103
653.1076,84.05064102564103
653.3438,84.05064102564103
653.5799999999999,84.05064102564103
653.8162,84.05064102564103
654.0524,79.33489743589743
654.2886,79.33489743589743
654.5247999999999,79.33489743589743
654.761,79.33489743589743
654.9972,79.33489743589743
655.2334000000001,79.33489743589743
655.4696,79.33489743589743
655.7058,79.33489743589743
655.942,79.33489743589743
656.1782000000001,79.33489743589743
656.4144,79.33489743589743
656.6505999999999,79.33489743589743
656.8868,79.33489743589743
657.123,74.28894871794873
657.3592,74.28894871794873
657.5953999999999,74.28894871794873
657.8316,74.28894871794873
658.0678,74.28894871794873
658.304,74.28894871794873
658.5401999999999,74.28894871794873
658.7764,74.28894871794873
659.0126,74.28894871794873
659.2488000000001,74.28894871794873
659.485,74.28894871794873
659.7212,74.28894871794873
659.9574,74.28894871794873
660.1936000000001,68.01979487179489
660.4298,68.01979487179489
660.6659999999999,68.01979487179489
660.9022,68.01979487179489
661.1384,68.01979487179489
661.3746,68.01979487179489
661.6107999999999,68.01979487179489
661.847,68.01979487179489
662.0832,68.01979487179489
662.3194,68.01979487179489
662.5555999999999,68.01979487179489
662.7918,68.01979487179489
663.028,68.01979487179489
663.2642000000001,62.30825641025641
663.5004,62.30825641025641
663.7366,62.30825641025641
663.9728,62.30825641025641
664.2090000000001,62.30825641025641
664.4452,62.30825641025641
664.6813999999999,62.30825641025641
664.9176,62.30825641025641
665.1538,62.30825641025641
665.39,62.30825641025641
665.6261999999999,62.30825641025641
665.8624,62.30825641025641
666.0986,62.30825641025641
666.3348,56.87182051282051
666.5709999999999,56.87182051282051
666.8072,56.87182051282051
667.0434,56.87182051282051
667.2796000000001,56.87182051282051
667.5158,56.87182051282051
667.752,56.87182051282051
667.9882,56.87182051282051
668.2244000000001,56.87182051282051
668.4606,56.87182051282051
668.6967999999999,56.87182051282051
668.933,56.87182051282051
669.1692,56.87182051282051
669.4054,52.60397435897437
669.6415999999999,52.60397435897437
669.8778,52.60397435897437
670.114,52.60397435897437
670.3502,52.60397435897437
670.5863999999999,52.60397435897437
670.8226,52.60397435897437
671.0588,52.60397435897437
671.2950000000001,52.60397435897437
671.5312,52.60397435897437
671.7674,52.60397435897437
672.0036,52.60397435897437
672.2398000000001,52.60397435897437
672.476,48.95594871794872
672.7121999999999,48.95594871794872
672.9484,48.95594871794872
673.1846,48.95594871794872
673.4208,48.95594871794872
673.6569999999999,48.95594871794872
673.8932,48.95594871794872
674.1294,48.95594871794872
674.3656,48.95594871794872
674.6017999999999,48.95594871794872
674.838,48.95594871794872
675.0742,48.95594871794872
675.3104000000001,48.95594871794872
675.5466,45.69251282051282
675.7828,45.69251282051282
676.019,45.69251282051282
676.2552000000001,45.69251282051282
676.4914,45.69251282051282
676.7275999999999,45.69251282051282
676.9638,45.69251282051282
677.2,45.69251282051282
677.4362,45.69251282051282
677.6723999999999,45.69251282051282
677.9086,45.69251282051282
678.1448,45.69251282051282
678.381,45.69251282051282
678.6171999999999,42.2331282051282
678.8534,42.2331282051282
679.0896,42.2331282051282
679.3258000000001,42.2331282051282
679.562,42.2331282051282
679.7982,42.2331282051282
680.0344,42.2331282051282
680.2706000000001,42.2331282051282
680.5068,42.2331282051282
680.7429999999999,42.2331282051282
680.9792,42.2331282051282
681.2154,42.2331282051282
681.4516,42.2331282051282
681.6877999999999,40.21548717948718
681.924,40.21548717948718
682.1602,40.21548717948718
682.3964,40.21548717948718
682.6325999999999,40.21548717948718
682.8688,40.21548717948718
683.105,40.21548717948718
683.3412000000001,40.21548717948718
683.5774,40.21548717948718
683.8136,40.21548717948718
684.0498,40.21548717948718
684.2860000000001,40.21548717948718
684.5222,40.21548717948718
684.7583999999999,38.698820512820504
684.9946,38.698820512820504
685.2308,38.698820512820504
685.467,38.698820512820504
685.7031999999999,38.698820512820504
685.9394,38.698820512820504
686.1756,38.698820512820504
686.4118,38.698820512820504
686.6479999999999,38.698820512820504
686.8842,38.698820512820504
687.1204,38.698820512820504
687.3566000000001,38.698820512820504
687.5928,38.698820512820504
687.829,36.877743589743595
688.0652,36.877743589743595
688.3014000000001,36.877743589743595
688.5376,36.877743589743595
688.7737999999999,36.877743589743595
689.01,36.877743589743595
689.2462,36.877743589743595
689.4824,36.877743589743595
689.7185999999999,36.877743589743595
689.9548,36.877743589743595
690.191,36.877743589743595
690.4272,36.877743589743595
690.6633999999999,36.877743589743595
690.8996,34.97882051282051
691.1358,34.97882051282051
691.3720000000001,34.97882051282051
691.6082,34.97882051282051
691.8444,34.97882051282051
692.0806,34.97882051282051
692.3168000000001,34.97882051282051
692.553,34.97882051282051
692.7891999999999,34.97882051282051
693.0254,34.97882051282051
693.2616,34.97882051282051
693.4978000000001,34.97882051282051
693.7339999999999,34.97882051282051
693.9702,33.3495641025641
694.2064,33.3495641025641
694.4426000000001,33.3495641025641
694.6787999999999,33.3495641025641
694.915,33.3495641025641
695.1512,33.3495641025641
695.3874000000001,33.3495641025641
695.6235999999999,33.3495641025641
695.8598,33.3495641025641
696.096,33.3495641025641
696.3322000000001,33.3495641025641
696.5683999999999,33.3495641025641
696.8045999999999,33.3495641025641
697.0408,31.481615384615388
697.277,31.481615384615388
697.5132000000001,31.481615384615388
697.7493999999999,31.481615384615388
697.9856,31.481615384615388
698.2218,31.481615384615388
698.4580000000001,31.481615384615388
698.6941999999999,31.481615384615388
698.9304,31.481615384615388
699.1666,31.481615384615388
699.4028000000001,31.481615384615388
699.6389999999999,31.481615384615388
699.8752,31.481615384615388
700.1114,29.851743589743588
700.3476,29.851743589743588
700.5837999999999,29.851743589743588
700.8199999999999,29.851743589743588
701.0562,29.851743589743588
701.2924,29.851743589743588
701.5286000000001,29.851743589743588
701.7647999999999,29.851743589743588
702.001,29.851743589743588
702.2372,29.851743589743588
702.4734000000001,29.851743589743588
702.7095999999999,29.851743589743588
702.9458,29.851743589743588
703.182,28.352128205128206
703.4182000000001,28.352128205128206
703.6543999999999,28.352128205128206
703.8906,28.352128205128206
704.1268,28.352128205128206
704.363,28.352128205128206
704.5991999999999,28.352128205128206
704.8353999999999,28.352128205128206
705.0716,28.352128205128206
705.3078,28.352128205128206
705.5440000000001,28.352128205128206
705.7801999999999,28.352128205128206
706.0164,28.352128205128206
706.2526,27.217897435897434
706.4888000000001,27.217897435897434
706.7249999999999,27.217897435897434
706.9612,27.217897435897434
707.1974,27.217897435897434
707.4336000000001,27.217897435897434
707.6697999999999,27.217897435897434
707.906,27.217897435897434
708.1422,27.217897435897434
708.3784,27.217897435897434
708.6145999999999,27.217897435897434
708.8507999999999,27.217897435897434
709.087,27.217897435897434
709.3232,26.881871794871795
709.5594000000001,26.881871794871795
709.7955999999999,26.881871794871795
710.0318,26.881871794871795
710.268,26.881871794871795
710.5042000000001,26.881871794871795
710.7403999999999,26.881871794871795
710.9766,26.881871794871795
711.2128,26.881871794871795
711.4490000000001,26.881871794871795
711.6851999999999,26.881871794871795
711.9214,26.881871794871795
712.1576,26.881871794871795
712.3938,26.455000000000002
712.6299999999999,26.455000000000002
712.8661999999999,26.455000000000002
713.1024,26.455000000000002
713.3386,26.455000000000002
713.5748000000001,26.455000000000002
713.8109999999999,26.455000000000002
714.0472,26.455000000000002
714.2834,26.455000000000002
714.5196000000001,26.455000000000002
714.7557999999999,26.455000000000002
714.992,26.455000000000002
715.2282,26.455000000000002
715.4644000000001,26.433846153846147
715.7005999999999,26.433846153846147
715.9368,26.433846153846147
716.173,26.433846153846147
716.4092,26.433846153846147
716.6453999999999,26.433846153846147
716.8815999999999,26.433846153846147
717.1178,26.433846153846147
717.354,26.433846153846147
717.5902000000001,26.433846153846147
717.8263999999999,26.433846153846147
718.0626,26.433846153846147
718.2988,26.433846153846147
718.5350000000001,26.511948717948716
718.7711999999999,26.511948717948716
719.0074,26.511948717948716
719.2436,26.511948717948716
719.4798000000001,26.511948717948716
719.7159999999999,26.511948717948716
719.9522,26.511948717948716
720.1884,26.511948717948716
720.4246,26.511948717948716
720.6607999999999,26.511948717948716
720.8969999999999,26.511948717948716
721.1332,26.511948717948716
721.3694,26.511948717948716
721.6056000000001,26.129102564102563
721.8417999999999,26.129102564102563
722.078,26.129102564102563
722.3142,26.129102564102563
722.5504000000001,26.129102564102563
722.7865999999999,26.129102564102563
723.0228,26.129102564102563
723.259,26.129102564102563
723.4952000000001,26.129102564102563
723.7313999999999,26.129102564102563
723.9676,26.129102564102563
724.2038,26.129102564102563
724.44,26.129102564102563
724.6761999999999,26.647410256410257
724.9123999999999,26.647410256410257
725.1486,26.647410256410257
725.3848,26.647410256410257
725.6210000000001,26.647410256410257
725.8571999999999,26.647410256410257
726.0934,26.647410256410257
726.3296,26.647410256410257
726.5658000000001,26.647410256410257
726.8019999999999,26.647410256410257
727.0382,26.647410256410257
727.2744,26.647410256410257
727.5106000000001,26.647410256410257
727.7467999999999,27.14046153846153
727.983,27.14046153846153
728.2192,27.14046153846153
728.4554,27.14046153846153
728.6915999999999,27.14046153846153
728.9277999999999,27.14046153846153
729.164,27.14046153846153
729.4002,27.14046153846153
729.6364000000001,27.14046153846153
729.8725999999999,27.14046153846153
730.1088,27.14046153846153
730.345,27.14046153846153
730.5812000000001,27.14046153846153
730.8173999999999,26.91746153846154
731.0536,26.91746153846154
731.2898,26.91746153846154
731.5260000000001,26.91746153846154
731.7621999999999,26.91746153846154
731.9984,26.91746153846154
732.2346,26.91746153846154
732.4708,26.91746153846154
732.7069999999999,26.91746153846154
732.9431999999999,26.91746153846154
733.1794,26.91746153846154
733.4156,26.91746153846154
733.6518000000001,26.91746153846154
733.8879999999999,27.002384615384617
734.1242,27.002384615384617
734.3604,27.002384615384617
734.5966000000001,27.002384615384617
734.8327999999999,27.002384615384617
735.069,27.002384615384617
735.3052,27.002384615384617
735.5414000000001,27.002384615384617
735.7775999999999,27.002384615384617
736.0138,27.002384615384617
736.25,27.002384615384617
736.4862,27.002384615384617
736.7223999999999,27.002384615384617
736.9585999999999,26.85274358974359
737.1948,26.85274358974359
737.431,26.85274358974359
737.6672000000001,26.85274358974359
737.9033999999999,26.85274358974359
738.1396,26.85274358974359
738.3758,26.85274358974359
738.6120000000001,26.85274358974359
738.8481999999999,26.85274358974359
739.0844,26.85274358974359
739.3206,26.85274358974359
739.5568000000001,26.85274358974359
739.7929999999999,26.85274358974359
740.0292,27.675410256410263
740.2654,27.675410256410263
740.5016,27.675410256410263
740.7377999999999,27.675410256410263
740.9739999999999,27.675410256410263
741.2102,27.675410256410263
741.4464,27.675410256410263
741.6826000000001,27.675410256410263
741.9187999999999,27.675410256410263
742.155,27.675410256410263
742.3912,27.675410256410263
742.6274000000001,27.675410256410263
742.8635999999999,27.675410256410263
743.0998,28.03951282051282
743.336,28.03951282051282
743.5722000000001,28.03951282051282
743.8083999999999,28.03951282051282
744.0446,28.03951282051282
744.2808,28.03951282051282
744.517,28.03951282051282
744.7531999999999,28.03951282051282
744.9893999999999,28.03951282051282
745.2256,28.03951282051282
745.4618,28.03951282051282
745.6980000000001,28.03951282051282
745.9341999999999,28.03951282051282
746.1704,28.595846153846157
746.4066,28.595846153846157
746.6428000000001,28.595846153846157
746.8789999999999,28.595846153846157
747.1152,28.595846153846157
747.3514,28.595846153846157
747.5876000000001,28.595846153846157
747.8237999999999,28.595846153846157
748.06,28.595846153846157
748.2962,28.595846153846157
748.5324,28.595846153846157
748.7685999999999,28.595846153846157
749.0047999999999,28.595846153846157
749.241,29.759641025641024
749.4772,29.759641025641024
749.7134000000001,29.759641025641024
749.9495999999999,29.759641025641024
750.1858,29.759641025641024
750.422,29.759641025641024
750.6582000000001,29.759641025641024
750.8943999999999,29.759641025641024
751.1306,29.759641025641024
751.3668,29.759641025641024
751.6030000000001,29.759641025641024
751.8391999999999,29.759641025641024
752.0754,29.759641025641024
752.3116,30.643307692307697
752.5478,30.643307692307697
752.7839999999999,30.643307692307697
753.0201999999999,30.643307692307697
753.2564,30.643307692307697
753.4926,30.643307692307697
753.7288000000001,30.643307692307697
753.9649999999999,30.643307692307697
754.2012,30.643307692307697
754.4374,30.643307692307697
754.6736000000001,30.643307692307697
754.9097999999999,30.643307692307697
755.146,30.643307692307697
755.3822,31.16533333333333
755.6184000000001,31.16533333333333
755.8545999999999,31.16533333333333
756.0908,31.16533333333333
756.327,31.16533333333333
756.5632,31.16533333333333
756.7993999999999,31.16533333333333
757.0355999999999,31.16533333333333
757.2718,31.16533333333333
757.508,31.16533333333333
757.7442000000001,31.16533333333333
757.9803999999999,31.16533333333333
758.2166,31.16533333333333
758.4528,32.25228205128205
758.6890000000001,32.25228205128205
758.9251999999999,32.25228205128205
759.1614,32.25228205128205
759.3976,32.25228205128205
759.6338000000001,32.25228205128205
759.8699999999999,32.25228205128205
760.1062,32.25228205128205
760.3424,32.25228205128205
760.5786,32.25228205128205
760.8147999999999,32.25228205128205
761.0509999999999,32.25228205128205
761.2872,32.25228205128205
761.5234,33.52902564102564
761.7596000000001,33.52902564102564
761.9957999999999,33.52902564102564
762.232,33.52902564102564
762.4682,33.52902564102564
762.7044000000001,33.52902564102564
762.9405999999999,33.52902564102564
763.1768,33.52902564102564
763.413,33.52902564102564
763.6492000000001,33.52902564102564
763.8853999999999,33.52902564102564
764.1216,33.52902564102564
764.3578,33.52902564102564
764.594,35.00546153846154
764.8301999999999,35.00546153846154
765.0663999999999,35.00546153846154
765.3026,35.00546153846154
765.5388,35.00546153846154
765.7750000000001,35.00546153846154
766.0111999999999,35.00546153846154
766.2474,35.00546153846154
766.4836,35.00546153846154
766.7198000000001,35.00546153846154
766.9559999999999,35.00546153846154
767.1922,35.00546153846154
767.4284,35.00546153846154
767.6646000000001,35.852820512820514
767.9007999999999,35.852820512820514
768.137,35.852820512820514
768.3732,35.852820512820514
768.6094,35.852820512820514
768.8455999999999,35.852820512820514
769.0817999999999,35.852820512820514
769.318,35.852820512820514
769.5542,35.852820512820514
769.7904000000001,35.852820512820514
770.0265999999999,35.852820512820514
770.2628,35.852820512820514
770.499,35.852820512820514
770.7352000000001,36.72820512820513
770.9713999999999,36.72820512820513
771.2076,36.72820512820513
771.4438,36.72820512820513
771.6800000000001,36.72820512820513
771.9161999999999,36.72820512820513
772.1524,36.72820512820513
772.3886,36.72820512820513
772.6248,36.72820512820513
772.8610000000001,36.72820512820513
773.0971999999999,36.72820512820513
773.3334,36.72820512820513
773.5696,36.72820512820513
773.8058000000001,37.71420512820513
774.0419999999999,37.71420512820513
774.2782,37.71420512820513
774.5144,37.71420512820513
774.7506000000001,37.71420512820513
774.9867999999999,37.71420512820513
775.223,37.71420512820513
775.4592,37.71420512820513
775.6954000000001,37.71420512820513
775.9315999999999,37.71420512820513
776.1677999999999,37.71420512820513
776.404,37.71420512820513
776.6402,37.71420512820513
776.8764000000001,38.841256410256406
777.1125999999999,38.841256410256406
777.3488,38.841256410256406
777.585,38.841256410256406
777.8212000000001,38.841256410256406
778.0573999999999,38.841256410256406
778.2936,38.841256410256406
778.5298,38.841256410256406
778.7660000000001,38.841256410256406
779.0021999999999,38.841256410256406
779.2384,38.841256410256406
779.4746,38.841256410256406
779.7108000000001,38.841256410256406
779.9469999999999,40.019461538461535
780.1831999999999,40.019461538461535
780.4194,40.019461538461535
780.6556,40.019461538461535
780.8918000000001,40.019461538461535
781.1279999999999,40.019461538461535
781.3642,40.019461538461535
781.6004,40.019461538461535
781.8366000000001,40.019461538461535
782.0727999999999,40.019461538461535
782.309,40.019461538461535
782.5452,40.019461538461535
782.7814000000001,40.019461538461535
783.0175999999999,41.25479487179487
783.2538,41.25479487179487
783.49,41.25479487179487
783.7262000000001,41.25479487179487
783.9623999999999,41.25479487179487
784.1985999999999,41.25479487179487
784.4348,41.25479487179487
784.671,41.25479487179487
784.9072000000001,41.25479487179487
785.1433999999999,41.25479487179487
785.3796,41.25479487179487
785.6158,41.25479487179487
785.8520000000001,41.25479487179487
786.0881999999999,42.521641025641024
786.3244,42.521641025641024
786.5606,42.521641025641024
786.7968000000001,42.521641025641024
787.0329999999999,42.521641025641024
787.2692,42.521641025641024
787.5054,42.521641025641024
787.7416000000001,42.521641025641024
787.9777999999999,42.521641025641024
788.2139999999999,42.521641025641024
788.4502,42.521641025641024
788.6864,42.521641025641024
788.9226000000001,42.521641025641024
789.1587999999999,43.872615384615386
789.395,43.872615384615386
789.6312,43.872615384615386
789.8674000000001,43.872615384615386
790.1035999999999,43.872615384615386
790.3398,43.872615384615386
790.576,43.872615384615386
790.8122000000001,43.872615384615386
791.0483999999999,43.872615384615386
791.2846,43.872615384615386
791.5208,43.872615384615386
791.7570000000001,43.872615384615386
791.9931999999999,43.872615384615386
792.2293999999999,45.449769230769235
792.4656,45.449769230769235
792.7018,45.449769230769235
792.9380000000001,45.449769230769235
793.1741999999999,45.449769230769235
793.4104,45.449769230769235
793.6466,45.449769230769235
793.8828000000001,45.449769230769235
794.1189999999999,45.449769230769235
794.3552,45.449769230769235
794.5914,45.449769230769235
794.8276000000001,45.449769230769235
795.0637999999999,45.449769230769235
795.3,47.129128205128204
795.5362,47.129128205128204
795.7724000000001,47.129128205128204
796.0085999999999,47.129128205128204
796.2447999999999,47.129128205128204
796.481,47.129128205128204
796.7172,47.129128205128204
796.9534000000001,47.129128205128204
797.1895999999999,47.129128205128204
797.4258,47.129128205128204
797.662,47.129128205128204
797.8982000000001,47.129128205128204
798.1343999999999,47.129128205128204
798.3706,48.744564102564105
798.6068,48.744564102564105
798.8430000000001,48.744564102564105
799.0791999999999,48.744564102564105
799.3154,48.744564102564105
799.5516,48.744564102564105
799.7878000000001,48.744564102564105
800.0239999999999,48.744564102564105
800.2601999999999,48.744564102564105
800.4964,48.744564102564105
800.7326,48.744564102564105
800.9688000000001,48.744564102564105
801.2049999999999,48.744564102564105
801.4412,49.925102564102566
801.6774,49.925102564102566
801.9136000000001,49.925102564102566
802.1497999999999,49.925102564102566
802.386,49.925102564102566
802.6222,49.925102564102566
802.8584000000001,49.925102564102566
803.0945999999999,49.925102564102566
803.3308,49.925102564102566
803.567,49.925102564102566
803.8032000000001,49.925102564102566
804.0393999999999,49.925102564102566
804.2755999999999,49.925102564102566
804.5118,51.28023076923077
804.748,51.28023076923077
804.9842000000001,51.28023076923077
805.2203999999999,51.28023076923077
805.4566,51.28023076923077
805.6928,51.28023076923077
805.9290000000001,51.28023076923077
806.1651999999999,51.28023076923077
806.4014,51.28023076923077
806.6376,51.28023076923077
806.8738000000001,51.28023076923077
807.1099999999999,51.28023076923077
807.3462,51.28023076923077
807.5824,52.52205128205129
807.8186000000001,52.52205128205129
808.0547999999999,52.52205128205129
808.2909999999999,52.52205128205129
808.5272,52.52205128205129
808.7634,52.52205128205129
808.9996000000001,52.52205128205129
809.2357999999999,52.52205128205129
809.472,52.52205128205129
809.7082,52.52205128205129
809.9444000000001,52.52205128205129
810.1805999999999,52.52205128205129
810.4168,52.52205128205129
810.653,53.73571794871794
810.8892000000001,53.73571794871794
811.1253999999999,53.73571794871794
811.3616,53.73571794871794
811.5978,53.73571794871794
811.8340000000001,53.73571794871794
812.0701999999999,53.73571794871794
812.3063999999999,53.73571794871794
812.5426,53.73571794871794
812.7788,53.73571794871794
813.0150000000001,53.73571794871794
813.2511999999999,53.73571794871794
813.4874,53.73571794871794
813.7236,54.67338461538462
813.9598000000001,54.67338461538462
814.1959999999999,54.67338461538462
814.4322,54.67338461538462
814.6684,54.67338461538462
814.9046000000001,54.67338461538462
815.1407999999999,54.67338461538462
815.377,54.67338461538462
815.6132,54.67338461538462
815.8494000000001,54.67338461538462
816.0855999999999,54.67338461538462
816.3217999999999,54.67338461538462
816.558,54.67338461538462
816.7942,55.84497435897436
817.0304000000001,55.84497435897436
817.2665999999999,55.84497435897436
817.5028,55.84497435897436
817.739,55.84497435897436
817.9752000000001,55.84497435897436
818.2113999999999,55.84497435897436
818.4476,55.84497435897436
818.6838,55.84497435897436
818.9200000000001,55.84497435897436
819.1561999999999,55.84497435897436
819.3924,55.84497435897436
819.6286,55.84497435897436
819.8648000000001,56.933846153846154
820.1009999999999,56.933846153846154
820.3371999999999,56.933846153846154
820.5734,56.933846153846154
820.8096,56.933846153846154
821.0458000000001,56.933846153846154
821.2819999999999,56.933846153846154
821.5182,56.933846153846154
821.7544,56.933846153846154
821.9906000000001,56.933846153846154
822.2267999999999,56.933846153846154
822.463,56.933846153846154
822.6992,56.933846153846154
822.9354000000001,57.767923076923076
823.1715999999999,57.767923076923076
823.4078,57.767923076923076
823.644,57.767923076923076
823.8802000000001,57.767923076923076
824.1163999999999,57.767923076923076
824.3525999999999,57.767923076923076
824.5888,57.767923076923076
824.825,57.767923076923076
825.0612000000001,57.767923076923076
825.2973999999999,57.767923076923076
825.5336,57.767923076923076
825.7698,57.767923076923076
826.0060000000001,58.94289743589742
826.2421999999999,58.94289743589742
826.4784,58.94289743589742
826.7146,58.94289743589742
826.9508000000001,58.94289743589742
827.1869999999999,58.94289743589742
827.4232,58.94289743589742
827.6594,58.94289743589742
827.8956000000001,58.94289743589742
828.1317999999999,58.94289743589742
828.3679999999999,58.94289743589742
828.6042,58.94289743589742
828.8404,58.94289743589742
829.0766000000001,60.26210256410257
829.3127999999999,60.26210256410257
829.549,60.26210256410257
829.7852,60.26210256410257
830.0214000000001,60.26210256410257
830.2575999999999,60.26210256410257
830.4938,60.26210256410257
830.73,60.26210256410257
830.9662000000001,60.26210256410257
831.2023999999999,60.26210256410257
831.4386,60.26210256410257
831.6748,60.26210256410257
831.9110000000001,60.26210256410257
832.1471999999999,61.467333333333336
832.3833999999999,61.467333333333336
832.6196,61.467333333333336
832.8558,61.467333333333336
833.0920000000001,61.467333333333336
833.3281999999999,61.467333333333336
833.5644,61.467333333333336
833.8006,61.467333333333336
834.0368000000001,61.467333333333336
834.2729999999999,61.467333333333336
834.5092,61.467333333333336
834.7454,61.467333333333336
834.9816000000001,61.467333333333336
835.2177999999999,62.39979487179487
835.454,62.39979487179487
835.6902,62.39979487179487
835.9264000000001,62.39979487179487
836.1625999999999,62.39979487179487
836.3987999999999,62.39979487179487
836.635,62.39979487179487
836.8712,62.39979487179487
837.1074000000001,62.39979487179487
837.3435999999999,62.39979487179487
837.5798,62.39979487179487
837.816,62.39979487179487
838.0522000000001,62.39979487179487
838.2883999999999,63.0565641025641
838.5246,63.0565641025641
838.7608,63.0565641025641
838.9970000000001,63.0565641025641
839.2331999999999,63.0565641025641
839.4694,63.0565641025641
839.7056,63.0565641025641
839.9418000000001,63.0565641025641
840.1779999999999,63.0565641025641
840.4141999999999,63.0565641025641
840.6504,63.0565641025641
840.8866,63.0565641025641
841.1228000000001,63.0565641025641
841.3589999999999,63.78105128205129
841.5952,63.78105128205129
841.8314,63.78105128205129
842.0676000000001,63.78105128205129
842.3037999999999,63.78105128205129
842.54,63.78105128205129
842.7762,63.78105128205129
843.0124000000001,63.78105128205129
843.2485999999999,63.78105128205129
843.4848,63.78105128205129
843.721,63.78105128205129
843.9572000000001,63.78105128205129
844.1933999999999,63.78105128205129
844.4295999999999,64.31789743589744
844.6658,64.31789743589744
844.902,64.31789743589744
845.1382000000001,64.31789743589744
845.3743999999999,64.31789743589744
845.6106,64.31789743589744
845.8468,64.31789743589744
846.0830000000001,64.31789743589744
846.3191999999999,64.31789743589744
846.5554,64.31789743589744
846.7916,64.31789743589744
847.0278000000001,64.31789743589744
847.2639999999999,64.31789743589744
847.5002,64.75694871794872
847.7364,64.75694871794872
847.9726,64.75694871794872
848.2087999999999,64.75694871794872
848.4449999999999,64.75694871794872
848.6812,64.75694871794872
848.9174,64.75694871794872
849.1536000000001,64.75694871794872
849.3897999999999,64.75694871794872
849.626,64.75694871794872
849.8622,64.75694871794872
850.0984000000001,64.75694871794872
850.3345999999999,64.75694871794872
850.5708,65.1505641025641
850.807,65.1505641025641
851.0432000000001,65.1505641025641
851.2793999999999,65.1505641025641
851.5156,65.1505641025641
851.7518,65.1505641025641
851.988,65.1505641025641
852.2241999999999,65.1505641025641
852.4603999999999,65.1505641025641
852.6966,65.1505641025641
852.9328,65.1505641025641
853.1690000000001,65.1505641025641
853.4051999999999,65.1505641025641
853.6414,65.65030769230769
853.8776,65.65030769230769
854.1138000000001,65.65030769230769
854.3499999999999,65.65030769230769
854.5862,65.65030769230769
854.8224,65.65030769230769
855.0586000000001,65.65030769230769
855.2947999999999,65.65030769230769
855.531,65.65030769230769
855.7672,65.65030769230769
856.0034,65.65030769230769
856.2395999999999,65.65030769230769
856.4757999999999,65.65030769230769
856.712,66.08289743589744
856.9482,66.08289743589744
857.1844000000001,66.08289743589744
857.4205999999999,66.08289743589744
857.6568,66.08289743589744
857.893,66.08289743589744
858.1292000000001,66.08289743589744
858.3653999999999,66.08289743589744
858.6016,66.08289743589744
858.8378,66.08289743589744
859.0740000000001,66.08289743589744
859.3101999999999,66.08289743589744
859.5464,66.08289743589744
859.7826,66.39228205128205
860.0188,66.39228205128205
860.2549999999999,66.39228205128205
860.4911999999999,66.39228205128205
860.7274,66.39228205128205
860.9636,66.39228205128205
861.1998000000001,66.39228205128205
861.4359999999999,66.39228205128205
861.6722,66.39228205128205
861.9084,66.39228205128205
862.1446000000001,66.39228205128205
862.3807999999999,66.39228205128205
862.617,66.39228205128205
862.8532,66.5076923076923
863.0894000000001,66.5076923076923
863.3255999999999,66.5076923076923
863.5618,66.5076923076923
863.798,66.5076923076923
864.0342,66.5076923076923
864.2703999999999,66.5076923076923
864.5065999999999,66.5076923076923
864.7428,66.5076923076923
864.979,66.5076923076923
865.2152000000001,66.5076923076923
865.4513999999999,66.5076923076923
865.6876,66.5076923076923
865.9238,66.69474358974358
866.1600000000001,66.69474358974358
866.3961999999999,66.69474358974358
866.6324,66.69474358974358
866.8686,66.69474358974358
867.1048000000001,66.69474358974358
867.3409999999999,66.69474358974358
867.5772,66.69474358974358
867.8134,66.69474358974358
868.0496,66.69474358974358
868.2857999999999,66.69474358974358
868.5219999999999,66.69474358974358
868.7582,66.69474358974358
868.9944,66.75771794871795
869.2306000000001,66.75771794871795
869.4667999999999,66.75771794871795
869.703,66.75771794871795
869.9392,66.75771794871795
870.1754000000001,66.75771794871795
870.4115999999999,66.75771794871795
870.6478,66.75771794871795
870.884,66.75771794871795
871.1202000000001,66.75771794871795
871.3563999999999,66.75771794871795
871.5926,66.75771794871795
871.8288,66.75771794871795
872.065,66.59805128205127
872.3011999999999,66.59805128205127
872.5373999999999,66.59805128205127
872.7736,66.59805128205127
873.0098,66.59805128205127
873.2460000000001,66.59805128205127
873.4821999999999,66.59805128205127
873.7184,66.59805128205127
873.9546,66.59805128205127
874.1908000000001,66.59805128205127
874.4269999999999,66.59805128205127
874.6632,66.59805128205127
874.8994,66.59805128205127
875.1356000000001,66.65125641025641
875.3717999999999,66.65125641025641
875.608,66.65125641025641
875.8442,66.65125641025641
876.0804,66.65125641025641
876.3165999999999,66.65125641025641
876.5527999999999,66.65125641025641
876.789,66.65125641025641
877.0252,66.65125641025641
877.2614000000001,66.65125641025641
877.4975999999999,66.65125641025641
877.7338,66.65125641025641
877.97,66.65125641025641
878.2062000000001,66.64464102564102
878.4423999999999,66.64464102564102
878.6786,66.64464102564102
878.9148,66.64464102564102
879.1510000000001,66.64464102564102
879.3871999999999,66.64464102564102
879.6234,66.64464102564102
879.8596,66.64464102564102
880.0958,66.64464102564102
880.3319999999999,66.64464102564102
880.5681999999999,66.64464102564102
880.8044,66.64464102564102
881.0406,66.64464102564102
881.2768000000001,66.64692307692309
881.5129999999999,66.64692307692309
881.7492,66.64692307692309
881.9854,66.64692307692309
882.2216000000001,66.64692307692309
882.4577999999999,66.64692307692309
882.694,66.64692307692309
882.9302,66.64692307692309
883.1664000000001,66.64692307692309
883.4025999999999,66.64692307692309
883.6388,66.64692307692309
883.875,66.64692307692309
884.1112,66.64692307692309
884.3473999999999,66.38076923076923
884.5835999999999,66.38076923076923
884.8198,66.38076923076923
885.056,66.38076923076923
885.2922000000001,66.38076923076923
885.5283999999999,66.38076923076923
885.7646,66.38076923076923
886.0008,66.38076923076923
886.2370000000001,66.38076923076923
886.4731999999999,66.38076923076923
886.7094,66.38076923076923
886.9456,66.38076923076923
887.1818000000001,66.38076923076923
887.4179999999999,65.85671794871793
887.6542,65.85671794871793
887.8904,65.85671794871793
888.1266,65.85671794871793
888.3627999999999,65.85671794871793
888.5989999999999,65.85671794871793
888.8352,65.85671794871793
889.0714,65.85671794871793
889.3076000000001,65.85671794871793
889.5437999999999,65.85671794871793
889.78,65.85671794871793
890.0162,65.85671794871793
890.2524000000001,65.85671794871793
890.4885999999999,65.21661538461538
890.7248,65.21661538461538
890.961,65.21661538461538
891.1972000000001,65.21661538461538
891.4333999999999,65.21661538461538
891.6696,65.21661538461538
891.9058,65.21661538461538
892.142,65.21661538461538
892.3781999999999,65.21661538461538
892.6143999999999,65.21661538461538
892.8506,65.21661538461538
893.0868,65.21661538461538
893.3230000000001,65.21661538461538
893.5591999999999,65.03875000000001
893.7954,65.03875000000001
894.0316,65.03875000000001
894.2678000000001,65.03875000000001
894.5039999999999,65.03875000000001
894.7402,65.03875000000001
894.9764,65.03875000000001
895.2126000000001,65.03875000000001
